entity_id|person_id
35492fe1-7cc7-4e86-a18c-aa42d2e6469c|686b5e60-a0c0-4d9b-a5c0-40452103ded2
f1e3fb07-af80-40e9-b3ba-951392680ceb|0e5968aa-0b91-40e4-b5f9-c0506d01c5ed
a835f2e5-8516-4942-8526-44d7338480bc|01164d6d-1486-446c-a6f8-08dca6e29a6f
da3ccecf-b7ad-46f2-a759-edd4533cd47c|fe3ea0b2-d232-46c5-ae0a-95e89e666b28
7e1205f0-4cd8-4e39-80fd-7651266ddc5f|7a103687-7b2c-49c8-96ef-6ba462b97aa6
6e2f4e1e-b26e-497d-b6f0-bf30f162c1dc|3f8cb8db-be0d-41c4-84ad-640c49e79bd6
7685ff5a-9ae7-4ffc-b81d-8ab9fa125415|9e7fa0f0-a008-4673-a293-dc55c688602b
0ac22659-e454-444e-9333-9e0b6b1731c6|16724ed2-4e2c-471a-91dc-484d6f54848b
c4f36231-7247-483a-b21e-44e5d118db29|1e7db9a2-32dc-4c86-999e-f22cab33835c
9c4dae24-05a5-454b-bd06-b44f7b4b5aab|9bb7869f-d679-43a6-94f4-761336db759f
deca3f0e-aeac-4446-8e7c-793ba8cb2bb2|128cc6f9-9d37-4b56-9b08-e3b7aac4cdd8
6b9496af-f22b-4ffa-8fd0-3715b7a4c44f|38697634-ed89-4bdd-989d-1bff391feabe
a6fa44d1-a682-4599-8e12-a0f1a12b6b69|d25ad0d0-026c-4375-8a3a-425d2149c506
9a322050-1f3a-4431-87f4-5d24fb1adcf5|0ef38d28-c5bf-4001-bd86-cd216f71ab03
7a5e1933-2716-444c-81f2-b9f0d9497cc6|4b3e0ac0-4c0c-4305-b2f2-8873be646142
6da76978-4091-4857-991a-24dbc6ac5894|14857e76-0764-4ef5-954a-16d0a7324fbe
ce0f66f7-a7ad-4e4f-a631-f083237dcc0a|89b44b13-24e8-48e9-a221-f61f6433a76e
e819483d-de24-47eb-9b19-97a2880958fe|a2921310-bad8-411c-bf35-04e99b671e4a
d8ee456f-f58d-423b-9407-1af8f7ee5faa|be5b0e7b-4cc4-43fb-abbc-107408a786f1
6c08e1b7-e43e-42ef-ad4a-9bc3c77ed37f|084d7084-f3fd-4fc2-9f67-67639c33c4bf
47a52a9a-d3fa-4c48-b3fe-5d6916c283e4|dd21fa74-dcfe-4eb1-b355-62a09886e090
4345be1e-ba97-44b0-8bcb-dc935f6b691f|377aaa3e-8a22-4d5d-9623-865c0b664541
289452a5-d96a-41a2-89f0-a16058a70511|6b186323-2c21-469b-a8e4-9da9b9d7396b
b3a1580a-2f11-468c-9336-e1ce3cc1e57b|24bbac1a-fb07-4c8f-9b3c-09312291d2db
f4f22688-fb8a-40ba-b58b-13d334dbf897|71290628-14b7-4e67-a6e3-d132250dac2a
ee7bd620-6ee5-4108-8fa5-fa43df59f142|5270673a-019d-48e7-897d-99870fb86497
1d8d452b-c609-4ae7-9b8c-567a1f28032f|a2e41c07-bc44-4dba-8490-d506bf68814f
93c5d9a1-9971-4450-ab5a-66a350eb158a|474e13e3-0b76-49be-8b48-01830eba0c0a
8e512352-7788-420d-9f94-e0ba1018820f|5a1f03a1-7ecd-48a0-b69b-8eda6ce6c930
eb0a045e-2518-4482-a623-8351a9340e2a|16723bd0-66ee-49ed-bbfe-a2e850d27d3b
853d09e9-df1f-4a9b-a21c-5d2499e3ffa4|86f4000d-be2d-45f2-aada-efedf00f624a
1da7de14-57d3-4f35-8b1e-f66c3d95aeeb|37660d39-add8-4ec7-8474-d38266376bd2
69a66e34-418d-4f80-85cd-f9510d2d524e|f85ee90b-75cc-4142-aa1e-addbdea4a17f
99890a0b-70de-4846-8562-08860ab50475|7f750684-b0b8-4ab4-94d8-e6f8e74c9818
ccb07bc2-67b9-4c6b-9d1e-8d84493cde19|42548600-f09e-41a7-89ae-c25ccbba28a2
1b01632f-f169-46c5-be3a-d1c1eee6f58c|2d11a352-49eb-404f-ad9e-3a10e858da3e
1b09ae65-d423-41ce-bb04-76539e953cd1|9509b566-78c5-4346-b0b3-b9e2a0598bfb
f44cbd7c-171d-4b35-9133-8901fb67c3a0|79c6534e-9597-4f66-aaa7-8388b88568a0
2a1228b4-8ee2-424d-ac64-2c28d249f7f7|a7ee2e1b-c150-4dc9-972c-994a4df22eb5
637445a7-7ee6-44a7-b053-a613f873248f|7570e98f-e066-4231-af7e-d587afca6816
f40536a4-9859-440c-8dbe-6de07ea0c57f|50c21b61-59c0-4feb-95f0-6221954e9104
e6e31363-d0e1-4ece-bc04-b52a0896a5c3|b61557e8-d0b6-4a25-b1f1-7d4d6eb4c020
31b7d251-5580-45d3-9e5b-e76853b78302|fd4215fe-8d89-428d-9d54-842ab8745ff8
dae08630-74c8-44c3-906c-d4b7fdbd4bfa|69b1c74f-8bdd-4848-8815-b758b7c25c7d
5026a6c5-bc28-4abe-ba16-84848fd70f3f|c07fab72-389c-41a6-bb21-10b4e7dfb5ab
55d0f698-9b69-4a7f-8a64-33a3e2236f56|0fe873a8-5ddc-42f9-91b4-4879b11c46ec
924f505e-b985-4139-a03f-2075e23075d0|e5c20382-e8e9-47fc-ad59-06d1ce02ebe7
e739d624-2335-4c9f-87af-db9ba828e296|883e680c-8ad9-43c7-9074-5475b854cd29
e4cd18f0-b93e-43e3-9e70-b67b5b86101d|365fa50a-2c62-4653-a187-997dbee1a5d6
e32446a6-18d0-481c-b2b4-3e32a9356113|11179c97-0cfd-48b5-b2c2-469845eec86d
0567f60c-47f5-43ce-a028-b80eaf88d37a|6e3099ed-89df-4ead-8ac6-4f6123ee8feb
594b1c29-91da-407a-93e6-57c8ffa8e22a|080e3db5-5437-406e-9414-fa7e2e1f2e56
b00a799a-4c7e-449c-9eb8-8f3d4123e788|fddb73b5-7483-484c-9d7c-d35a15f607c0
d4736ade-3144-4127-bd1f-a428c77e125e|a2f27ed1-15c4-4d12-9b30-4e98da9988b9
26cbed04-cff6-45d8-8c3b-98ac8e94a5de|3ef34eb7-d1b4-4821-9a35-ae6c80d82b1b
965af449-187b-477e-b052-6c8466485c06|f25690ab-0ca2-44c5-8dfe-c04fdbb4dc7a
aee6112d-44a4-4cca-876c-fcde6582e9f2|5e0d41a1-df2d-483d-b1bc-ad823f6fe610
d65b7bcc-d53a-4543-a294-6f52e146281d|6ed99424-e290-454a-affb-d90d35891926
16790b2a-7734-4ee5-8914-a100e6c136cb|40ad6352-58b2-4462-9757-39883f2c375b
1b8fefa0-afe4-4c6e-9a13-e15c39b76a4e|1a5bdc66-3bf0-4ad7-8b44-e17681a75791
6d0b0be5-3af2-488e-9584-bdd829b27c40|5f4572f3-8691-4936-94fa-fcfa610e469e
1392a4b4-32de-4eac-9433-9c120e273b37|79398e93-1c3c-4f52-9811-b314aa5e73c9
1dcd0622-9833-4ca8-8b09-ea7617ead3c3|c8d46290-bfdd-46a8-bb99-ef6af7581437
29b462d1-a002-4c07-a854-1c82fc10829f|b6eea811-5106-4064-a220-34f2a4d31710
3563fdd5-9aeb-4b80-804f-ab21beaf454f|f4dab74f-851b-4ca2-b94f-a5e3c47eda58
df3c6d45-a610-452f-9f01-3efae7005f0f|855923fa-7d28-4118-91f1-e943b6ea7018
13c871d7-fe73-4392-8291-30cc78ffa857|6c1f54e4-6699-4e90-bccd-7eb0fd8012da
d267f1c6-2620-4a80-815a-557a23492ba4|91ac37be-1c7f-4ade-882f-8014b92c13f4
8f2013cb-a19d-4b94-82e1-dde826049c56|f1a00313-5e4f-4192-bdc7-43608c6a814c
82e05c17-326b-46a1-a875-62fb9db97e0b|d9337439-2bd4-404d-8e09-e1bf88129a23
